Commune,Id
Dcheira,1
Foum El Oued,2
Akhfennir,3
Daoura,4
El Hagounia,5
Tah,6
Es Semara,7
Tichla,16
Amgala,8
Dakhla,19
Haouza,9
Jdiriya,10
Sidi Ahmed Laaroussi,11
Bir Anzarane,20
Tifariti,12
Lagouira,13
Aghouinite,14
Imlili,25
Aousserd,15
Boujdour,26
Zoug,17
Bir Gandouz,18
Gleibat El Foula,21
Jraifia,28
Mijik,22
Lamssid,29
Oum Dreyga,23
El Argoub,24
Gueltat Zemmour,27
El Marsa,30
Laâyoune,31
El Ouatia,37
Tarfaya,32
Boukraa,33
Chbika,42
Targa Wassay,34
Tizounine,50
Tiglit,35
Tan Tan,36
Msied,38
Tilemzoun,39
Abteh,40
Ben Khlil,41
Akka,43
Allougoum,53
Fam El Hisn,44
Foum Zguid,45
Taghjijt,68
Tata,46
Ait Melloul,120
Ait Ouabelli,47
Kasbat Sidi Abdellah Ben M'barek,48
Inezgane,121
Tamanarte,49
Aguinane,51
Akka Ighane,52
Assa,54
Zag,55
Aouint Lahna,56
Aouint Yghomane,57
Asrir,72
Touizgui,58
Al Mahbass,59
Echatea El Abied,73
Labouirat,60
Bouizakarne,61
Guelmim,62
Aday,63
Rass Oumlil,77
Ait Boufoulen,64
Agadir,80
Amtdi,65
Ifrane Atlas Saghir,66
Layayda,633
Tagante,67
Timoulay,69
Drargua,85
Abaynou,70
Aferkat,71
Fask,74
Labyar,75
Imouzzer,87
Laqsabi Tagoust,76
Taliouine Assaka,78
Imsouane,88
Tizaghte,79
Amskroud,81
Aourir,82
Aqesri,83
Aziar,84
Idmine,86
Hilala,89
Ida Ougnidif,90
Oum El Guerdane,105
Tadrart,91
Taghazout,92
Tamri,93
Tiqqi,94
Ait Baha,95
Biougra,96
Ait Mzal,97
Ait Ouadrim,98
Aouguenz,99
Ibn Yacoub,100
Tissint,101
Tlite,102
Adis,103
Issafen,104
Tagmout,106
Tigzmerte,107
Sidi Abdallah El Bouchouari,108
Tanalt,109
Inchaden,110
Massa,111
Ouad Essafa,115
Sidi Ouassay,112
Ait Amira,113
Imi Mqourn,114
Sidi Bibi,116
Tinghir,117
Ait Zineb,118
Sidi Boushab,119
Lqliâa,122
Oulad Dahou,123
Temsia,124
Boumalne Dades,125
Kalaat M'gouna,126
Ouarzazate,127
Taznakht,128
Ouisselsate,157
Targua Ntouchka,129
Tabriquet,634
Tassegdelt,130
Tizi Ntakoucht,131
Tarmigt,178
Ait Milk,132
Belfaa,133
Tidli,134
Ait El Farsi,135
Bni Bataou,337
Ait Ouassif,136
Ait Iaaza,180
Ait Sedrate Jbel El Oulia,137
Chougrane,340
Ait Sedrate Jbel El Soufla,138
Shoul,635
Ait Sedrate Sahl Charkia,139
Rouached,342
Ait Sedrate Sahl El Gharbia,140
El Guerdane,181
Taghzoute N'ait Atta,141
Bir Mezoui,344
Tilmi,142
Ain Tizgha,350
Toudgha El Oulia,143
Fdalate,351
Toudgha Essoufla,144
Oulad Berhil,183
Ghassate,145
Ait Youl,146
Ighil N'oumgoun,147
Mellila,352
Ikniouen,148
Imider,149
Oulad Abdoune,358
M'semrir,150
Ras El Ain,479
Ouaklim,151
El Jadida,676
Souk Lakhmis Dades,152
Haouzia,681
Amerzgane,153
Aznaguen,154
Ighrem N'ougdal,155
Khouzama,156
Siroua,158
Telouet,159
Idelsane,160
Imi N'oulaoune,161
Ait Abdallah,162
Amalou,163
Azaghar N'irs,164
Imaouen,165
Sidi Chiker,480
Imi N'tayart,166
Ait Oum El Bekht,483
Tindine,167
Tisfane,168
Ben Ahmed,360
Toufelaazt,169
Loulad,364
Toumliline,170
Oulad M'hamed,370
Nihit,171
Ras El Ain Chaouia,371
Oualqadi,172
Mniaa,375
Sidi Boaal,173
Sidi Mzal,174
Laghdira,682
Tabia,553
M'garto,377
Tataoute,176
Skoura Ahl El Oust,177
Toundoute,179
Irherm,182
Boulaouane,717
Oulad Teima,184
Taliouine,185
Taroudannt,186
Adar,187
Bouarg,1031
Igli,188
Sidi Abdellah Ou Said,194
Igoudar Mnabha,189
Sidi Ali Ben Hamdouche,744
Lamhara,190
Bni Smir,383
Oulad Aissa,746
Braksa,384
Ouneine,192
Moulay Abdallah,745
Ouzioua,193
Toughmart,195
Ahl Ramel,196
Oulad Boughadi,389
Sidi Ouaaziz,197
Tafingoult,198
Oulad Fennane,390
Talgjount,199
Zaouiat Sidi Ben Hamdoun,392
Tigouga,200
Dar Chaffai,395
Tinzart,201
Sidi Moussa Lhamri,215
Tisrasse,202
Tizi N'test,203
Aoulouz,204
Mirleft,266
Arazane,205
El Faid,206
Ida Ou Gailal,207
Sbouya,267
Ida Ougoummad,208
Arbaa Sahel,285
Argana,209
Assads,210
Lamhadi,211
Tansifte,304
Machraa El Ain,212
M'hamid El Ghizlane,316
Sidi Ahmed Ou Amar,213
Ziaida,324
Sidi Boumoussa,214
Bir Ennasr,325
Talmakante,216
El Mansouria,326
Tidsi Nissendalene,217
Iguidi,218
Sidi Hsaine,219
Agadir Melloul,220
Ahl Tifnoute,221
Askaouen,222
Assaisse,223
Assaki,224
Azrar,225
Bigoudine,226
Eddir,227
Sidi Bettache,327
El Koudia El Beida,228
Cherrat,328
Imilmaiss,229
Jaqma,400
Issen,230
Kasbat Ben Mchich,401
Lagfifat,231
Ouled Cebbah,403
Lakhnafif,232
Ouled Zidane,404
Zagmouzen,233
Ahmar Laglalcha,234
Ait Igas,235
Ait Makhlouf,236
Lamnizla,237
Sidi Ahmed Ou Abdallah,238
Sidi Borja,239
Bounrar,240
Freija,241
Ain Nzagh,406
Ida Ou Moumen,242
Imoulass,243
Taouyalte,244
Tassousfi,245
Tizgzaouine,246
Toubkal,247
Sidi Dahmane,248
Tafraouten,249
Tiznit,250
Bejaad,329
Ait Issafen,251
Anzi,252
Sidi Bouknadel,636
Arbaa Ait Ahmed,253
Ida Ou Gougmar,254
Sidi Ahmed Ou Moussa,255
Oulad Ghanem,747
Tangarfa,256
Tioughza,257
Tnine Amellou,258
Tafraout El Mouloud,259
Bni Yagrine,407
Tighmi,260
Gdana,408
Tizoughrane,261
Tnine Aday,262
Arbaa Ait Abdellah,263
Guisser,409
Imi N'fast,264
Mesti,265
Tamaloukte,268
Tazemmourt,269
Tiout,270
Oulad Hcine,748
Zaouia Sidi Tahar,271
Khémisset Chaouia,410
Lakhsas,272
Sidi Ifni,273
Tafraout,274
Hattane,331
Tighirt,275
Afella Ighir,276
Ait Ouafqa,277
Ammelne,278
Irigh N'tahala,279
Machraa Ben Abbou,412
El Maader El Kabir,280
Ouijjane,281
Mzoura,413
Tarsouat,282
Tassrirt,283
Arbaa Rasmouka,284
Bounaamane,286
Oulad Aafif,414
Ait Erkha,287
Anfeg,288
Oulad Said,415
Boutrouch,289
Oulad Sghir,416
Ibdar,290
Sebt Ennabour,291
Sidi Mohammed Ben Rahal,419
Sidi Abdallah Ou Belaid,292
Deroua,425
Sidi H'saine Ou Ali,293
Sidi M'bark,294
Reggada,295
Sidi Bouabdelli,296
Tnine Aglou,297
Agdz,298
Sidi Hajjaj,429
Mezguita,299
Ben Maachou,430
N'kob,300
Laghnimyine,431
Oulad Yahia Lagraire,301
Taghbalte,302
Tamezmoute,303
Sidi Abed,749
Taftechna,305
Sahel Oulad H'riz,434
Tagounite,306
Tamegroute,307
Sidi Rahal Chatai,437
Ternata,308
Tazarine,1403
Bleida,310
Bni Zoli,311
Toualet,439
Bouzeroual,312
Dir El Ksiba,485
Errouha,313
Lamaachate,490
Fezouata,314
Ktaoua,315
Zagora,317
Afella N'dra,318
Oulad Salmane,495
Afra,319
El Beddouza,501
Ait Boudaoud,320
Ait Ouallal,1125
Oulad Yahya Louta,322
Rdadna Oulad Malek,323
Boujniba,330
Oued Zem,333
Khouribga,332
Boulanouare,334
Lagfaf,335
Ain Kaicher,336
Bni Zrantel,338
Boukhrisse,339
Oulad Gouaouch,341
Tachrafat,343
Bni Ykhlef,345
Tinzouline,346
Benslimane,347
Bouznika,348
Ahlaf,349
Moualine El Ghaba,353
Moualine El Oued,354
Oulad Ali Toualaa,355
Hrara,502
El Foqra,356
Bouznika Beach,518
M'fassis,357
Oulad Ftata,359
Azilal,504
Berrechid,361
Bni Oukil,507
El Borouj,362
El Gara,363
Oulad Abbou,365
Oulad M'rah,366
Ait Ourir,440
Settat,367
Sidi Abdallah Ghiat,462
Ain Dorbane,368
Oulad Fares,369
Bouguargouh,372
Lahlaf M'zab,373
El Gantour,473
Lakhzazra,374
Mrizigue,376
N'khila,378
Oued Naanaa,379
Oulad Chbana,380
Oulad Azzouz,381
Ait Ammar,382
Kasbat Troch,385
Lagnadiz,386
Maadna,387
Soualem,391
Ain Blal,393
Bni Khloug,394
Laqraqra,396
Meskoura,397
Oulad Amer,398
Foqra Oulad Aameur,399
Lambarkiyine,402
Riah,405
Lahouaza,411
Rima,417
Sidi El Aidi,418
Oulad Bouali Nouaja,420
Oulad Fares El Halla,421
Oulad Freiha,422
Sidi Ahmed El Khadir,423
Sidi Boumehdi,424
Sgamna,426
Sidi Abdelkrim,427
Sidi Dahbi,428
Lahsasna,432
Lakhiaita,433
Sidi Abdelkhaleq,435
Sidi El Mekki,436
Tamadroust,438
Tamaguert,441
Tamazouzte,442
Tazart,443
Tidili Mesfioua,444
Tighedouine,445
Touama,446
Zerkten,447
Lalla Takarkoust,448
Ouazguita,449
Amghras,450
Ighoud,475
Amizmiz,451
Jdour,476
Anougal,452
Jnane Bouih,477
Azgour,453
Dar Jamaa,454
Abadou,455
Ait Aadel,456
Ait Faska,457
Ait Hkim Ait Yzid,458
Ait Sidi Daoud,459
Ghmate,460
Iguerferouane,461
Sidi Yacoub,463
Tidili Fetouaka,464
Had Boumoussa,465
Oulad Bourahmoune,466
Sidi Aissa,467
Mettouh,525
Sidi Ettiji,468
Oulad Nacer,469
Oulad Zmam,470
Sidi Aissa Ben Ali,471
Atiamim,472
Esbiaat,474
Lakhoualqa,478
Sidi Hammadi,481
Bradia,508
Aghbala,482
Boutferda,484
Atouabet,486
El Ghiate,487
Khatazakane,488
Laamamra,489
Foum El Anceur,491
Naour,492
Krifate,512
Taghzirt,493
Oulad Hamdane,527
Nagga,494
Saadla,496
Oulad Sidi Ali Ben Youssef,528
Ayir,497
Tanougha,498
Semguet,516
Tizi N'isly,499
Dar Si Aissa,500
Moul El Bergui,503
Al Khalfia,505
Bni Chegdale,506
Demnate,509
Agoudi N'lkhair,510
Hel Merbaa,511
Guettaya,513
Oulad Youssef,514
Oulad Said L'oued,515
Tamensourte,517
Ait Abbas,519
Si Hsaien Ben Abderrahmane,531
Ait Bou Oulli,520
Lgharbia,550
Ait M'hamed,521
Tabant,522
Loualidia,551
Tamda Noumercid,523
Saniat Berguig,560
Zaouiat Ahansal,524
Mogress,526
Oulad Frej,529
Sebt Saiss,530
Sidi Smail,532
Ait Taguella,533
Safi,561
Bni Ayat,534
Bni Hassane,535
Tifni,536
Afourar,537
Harhoura,638
Ait Mazigh,538
Zaouiat Saiss,539
Zaouiat Lakouacem,540
Bzou,541
Loulja,1367
Foum Jemaa,542
Skhirate,639
Moulay Aissa Ben Driss,543
Bouhmame,753
Ait Ouaarda,544
Oumazza,1540
Ait Ouqabli,545
Sidi Yahya Zaër,643
Anergui,546
Sidi Kaouki,649
Bin El Ouidane,547
Smimou,650
Isseksi,548
El Ksiba,569
Laghnadra,549
Rfala,552
Tafedna,651
Tanant,554
Ouaouizeght,555
Sebt Gzoula,572
Tabaroucht,556
Labkhati,581
Tagleft,557
Tiffert N'ait Hamza,558
Imlil,585
Oulad Sbaita,559
Echemmaia,562
Bouzemmour,605
Taounza,563
Ezzaouite,606
Tisqi,564
Ida Ou Aazza,607
Ait Blal,565
Agdal Riyad,611
Tilougguite,566
El Youssoufia,612
Timoulilt,567
Béni Mellal,568
Fquih Ben Salah,570
Jamaat Shaim,571
Hassan,613
Youssoufia,573
Ait Majden,574
Ait Oumdis,575
Kasba Tadla,576
Oulad Ayad,577
Souissi,614
Souk Sebt Oulad Nemma,578
Sidi Ghanem,766
Bouguedra,579
El Gouraani,580
Lahdar,582
Ait Tamlil,583
Ida Ou Kazzou,622
Anzou,584
Zaouiat Cheikh,586
Imgrade,623
Foum Oudi,587
Oulad Gnaou,588
Imi N'tlit,624
Oulad M'barek,589
Oulad Yaich,590
Lamrasla,591
Lamsabih,592
Ouaoula,593
Sidi Ahmed Essayeh,625
Sidi Boulkhalf,594
Sidi Jaber,595
Dar Ould Zidouh,596
Souk Tlet El Gharb,961
Khemis Sidi Yahya,597
M'qam Tolba,598
Nfifa,599
Oued L'bour,600
Taouzint,601
Sidi El Jazouli,626
Znada,602
Bab Lamrissa,630
Assahrij,603
Bettana,631
Bizdad,604
Sidi Abderrazak,608
Sidi Boukhalkhal,609
Sidi Allal El Bahraoui,610
Timezgadiouine,616
Adassil,617
Bouya Omar,618
Choara,619
Hssaine,632
Dzouz,620
Ida Ou Guelloul,621
Sidi Ghaneme,627
Touarga,628
Yacoub El Mansour,629
Ain El Aouda,637
Témara,640
El Menzeh,641
Assif El Mal,644
Fraita,645
Jbiel,646
Sidi H'mad Ou M'barek,647
Sidi Hmad Ou Hamed,648
Ain Attig,652
Sabbah,653
Douirane,654
Gmassa,655
Majjat,657
Imindounit,656
M'zouda,658
Laattaouia Ech-Chaybia,662
Zaouia Annahlia,659
Jouala,660
Laatamna,1010
Tahelouante,663
Takoucht,664
Targante,665
Tidzi,666
Timizguida Ouftas,667
Méchouar Kasba,668
Annakhil,669
Gueliz,670
Marrakech Médina,671
Ménara,672
Sidi Youssef Ben Ali,673
Alouidane,674
Azemmour,675
Lbir Jdid,677
Sidi Bennour,678
Zemamra,679
Chtouka,680
Lamharza Essahel,683
Bouabout,684
Bouabout Amdlane,685
Ichamraren,686
Loued Lakhdar,687
M'zem Sanhaja,688
Ouled Dlim,694
Ouargui,689
Harbil,690
M'nabha,691
Laaounate,699
Ouahat Sidi Brahim,692
Oulad Hassoune,693
Laatatra,700
Agafay,695
Kridid,696
Laagagcha,697
Laamria,698
Kouzemt,701
Rahhala,702
Oulad Aarrad,703
Oulad Khallouf,704
Loudaya,707
Sidi Aissa Ben Slimane,705
Ait Imour,706
Saada,708
Oulad Amrane,713
Sid Zouine,709
Lmechrek,710
Metrane,711
M'tal,712
Oulad Boussaken,714
Oulad Si Bouhya,715
Tamda,716
Chaibate,718
Sidi Abdelmoumen,719
Taouloukoult,720
Sour El Aaz,721
Zemrane Charqia,723
Zemrane,722
Ait Hammou,724
Ait Taleb,725
Bouchane,726
Anfa,731
Jaafra,727
Labrikiyne,728
Souihla,729
Oulad Rahmoune,743
Tassoultante,730
El Maarif,732
Sidi Belyout,733
Al-Fida,734
Mers Sultan,735
Aîn Sebaâ,736
Assoukhour Assawda,737
Hay Mohammadi,738
Hay-Hassani,739
Aîn Chock,740
Sidi Bernoussi,741
Sidi Moumen,742
Sidi M'hamed Akhdim,750
Bni Hilal,751
Bni Tsiriss,752
Jabria,754
Khmis Ksiba,755
Koudiat Bni Dghough,756
El Kelaâ des Sraghna,759
Timlilt,757
Ben Guerir,758
Laattaouia,760
Oulad Hassoune Hamri,763
Sidi Rahhal,761
Sidi Abdallah,764
Oulad Aamer Tizmarine,762
Sidi Ali Labrahla,765
Sidi Mansour,767
Skhour Rhamna,768
Skoura Lhadra,769
Tamallalt,776
Akarma,770
Ben M'sick,771
Sbata,772
Moulay Rachid,773
Oulad Mtaa,774
Sidi Badhaj,775
Chtaiba,777
Eddachra,778
Bourrous,779
Jaidate,780
Lamharra,781
Sidi Othmane,782
Méchouar de Casablanca,783
Lahraouyine,798
Mediouna,784
Tizguine,785
Mohammedia,800
Aghbar,786
Asni,787
Ighil,788
Ain Harrouda,801
Ijoukak,789
Imgdal,790
El Aamria,791
El Marbouh,792
Ech-challalate,803
Errafiaya,793
Zghira,994
Nzalat Laadam,794
Oulad Imloul,795
Tit Mellil,796
Al Majjatia Oulad Taleb,797
Sidi Hajjaj Oued Hassar,799
Bni Yakhlef,802
Sidi Moussa Ben Ali,804
Sidi Bou Othmane,812
Ouirgane,805
Talat N'yaaqoub,806
Hiadna,807
Lounasda,808
Chbanate,997
Mayate,809
Ras Ain Rhamna,810
Sidi Boubker,1046
Sidi Moussa Majdoub,1542
Nouaceur,814
Bouskoura,815
Dar Bouazza,816
Oulad Salah,817
Khémisset,818
Rommani,819
Ait Daoud,826
Moulay Brahim,820
Ait Mimoune,831
Oukaimden,821
Ras El Ma,1044
Ourika,822
Oulad Aamer,823
Tameslohte,835
Oulad Bouali Loued,824
Tlauh,825
Aquermoud,841
El Hanchane,827
Essaouira,828
Talmest,829
Tahannaout,834
Tiflet,830
Ait Ouribel,832
Sti Fadma,833
Chichaoua,836
Oulad Cherki,837
Oulad El Garne,838
Ait Said,840
Tamanar,839
Had Dra,842
Kechoula,843
Korimate,844
Lagdadra,845
Mejji,847
Lahsinate,846
Meskala,848
Mouarid,849
Moulay Bouzarqtoune,850
Mzilate,851
Imintanoute,856
Ait Siberne,852
Ait Yadine,853
El Ganzra,854
Majmaa Tolba,855
Ahdil,857
Lamzoudia,859
Ait Hadi,858
Oulad Moumna,860
Saidate,861
Sid L'Mokhtar,862
Sidi M'hamed Dalil,864
Sidi Bouzid Arragragui,863
Oulad Massaoud,865
Oued Jemaa,1448
Oulad Msabbel,866
M'ramer,869
Oulad Sbih,867
Oulad M'rabet,870
M'khalif,868
Ounagha,871
Sidi Aissa Regragui,873
Sidi Abdeljalil,872
Sidi Ali El Korati,874
Oulad Zarrad,880
Sfassif,875
Sidi Allal Lamsadder,876
Afalla Issen,877
Ain Tazitounte,878
Oulad Yaacoub,879
Sidi Boulaalam,881
Sidi Ishaq,882
Sidi Laaroussi,883
Sidi M'hamed Ou Marzouq,884
Tafetachte,885
Bouqachmir,890
Takate,886
Sidi El Ghandour,887
Ait Ichou,888
Ait Ikkou,889
Houderrane,891
Maaziz,892
Oulmes,893
Tiddas,894
Ait Haddou Youssef,895
Irohalen,896
Lalla Aaziza,897
Sidi El Hattab,898
Sidi Moussa,899
Zaouiat Ben Hmida,900
Adaghas,901
Aglif,902
Ait Aissi Ihahane,904
Aguerd,903
Assais,905
Ain Sbit,906
Brachoua,1541
Ezzhiliga,908
Jemaat Moul Blad,909
Laghoualem,910
Marchouch,911
Moulay Driss Aghbal,912
Ain Johra,913
Mehdya,918
Ait Belkacem,914
Ait Bouyahya El Hajjama,915
Ait Malek,916
Kénitra,917
Sidi Taibi,919
Boumaiz,921
Azghar,920
Dar Bel Amri,922
Oulad H'cine,926
Kceibya,923
M'saada,924
Oulad Ben Hammadi,925
Sfafaa,927
Arbaoua,928
Beni Malek,929
Kariat Ben Aouda,930
Oued El Makhazine,931
Bahhara Oulad Ayad,932
Chouafaa,933
Lalla Mimouna,934
Sidi Slimane,935
Sidi Yahya El Gharb,936
Souk El Arbaa,937
Ameur Seflia,938
Ben Mansour,939
Mnasra,941
Haddada,940
Mograne,942
Abbou Lakhal,945
Oulad Slama,943
Talsint,944
Bni Guil,946
Maatarka,947
Tendrara,948
Ain Bni Mathar,949
Jerada,950
Touissit,951
Laaouinate,954
Gafait,952
Guenfouda,953
Lebkhata,955
Ras Asfour,956
Moulay Bousselham,957
Sidi Mohamed Lahmar,960
Sidi Allal Tazi,958
Sidi Boubker El Haj,959
Dar Gueddari,962
Had Kourt,963
Jorf El Melha,964
Mechra Bel Ksiri,965
Ouezzane,966
Sidi Kacem,967
Ain Dfali,968
Khnichet,970
Bni Oual,969
Lamrabih,971
Moulay Abdelkader,972
Oulad Nouel,973
Sidi Azzouz,976
Sidi Ahmed Ben Aissa,974
Sidi Ameur Al Hadi,975
Sidi M'hamed Chelh,977
Taoughilt,978
Al Haouafate,979
Dar Laaslouji,980
Ermilate,981
Nouirate,982
Sefsaf,983
Sidi Al Kamel,984
Bni Quolla,985
Lamjaara,986
Masmouda,987
Ounnana,989
Mzefroune,988
Sidi Ahmed Cherif,990
Sidi Bousber,991
Sidi Redouane,992
Teroual,993
Bab Tiouka,995
Bir Taleb,996
Selfat,998
Tekna,999
Zaggota,1000
Zirara,1001
Ahfir,1002
Ain Erreggada,1003
Aklim,1004
Berkane,1005
Saidia,1006
Sidi Slimane Echcharraa,1007
Aghbal,1008
Fezouane,1009
Boughriba,1012
Madagh,1011
Chouihia,1013
Rislane,1014
Sidi Bouhria,1015
Tafoughalt,1016
Zegzel,1017
Bouarfa,1018
Figuig,1019
Ain Chouater,1020
Bni Tadjite,1021
Bouanane,1022
Bouchaouene,1023
Tazaghine,1026
Boumerieme,1024
Oulad Boubker,1025
Bni Bouifrour,1027
Bni Chiker,1028
Bni Sidel Jbel,1029
Bni Sidel Louta,1030
Farkhana,1032
Iaazzanene,1033
Ihaddadene,1034
Arekmane,1039
Iksane,1035
Selouane,1036
Ayacha,1494
Afsou,1037
Al Barkanyene,1038
Bni Oukil Oulad M'hand,1040
Hassi Berkane,1041
Oulad Settout,1043
Oulad Daoud Zkhanine,1042
Tiztoutine,1045
Tiouli,1047
Bni Mathar,1048
Al Aaroui,1052
Mrija,1049
Oulad Ghziyel,1050
Bni Ansar,1053
Oulad Sidi Abdelhakem,1051
Nador,1054
Amejjaou,1059
Zaio,1055
Zeghanghane,1056
Ain Zohra,1057
Ait Mait,1058
Dar El Kebdani,1060
Driouch,1061
Sidi Boulenouar,1062
Sidi Moussa Lemhaya,1063
Debdou,1064
El Aioun Sidi Mellouk,1065
Ain Lehjer,1071
Taourirt,1066
Mechraa Hammadi,1072
El Atef,1067
Oulad M'hammed,1068
Sidi Ali Belkassem,1069
Sidi Lahsen,1070
Mestegmer,1073
Tancherfi,1074
Azlaf,1075
Assilah,1502
Ben Taieb,1076
Bni Marghnine,1077
Boudinar,1078
Iferni,1079
Ijermaouas,1080
Oulad Amghar,1084
Midar,1081
M'hajer,1082
Dar Bni Karrich,1516
Ouardana,1083
Tafersit,1085
Talilit,1086
Temsamane,1087
Trougout,1088
Tsaft,1089
Bni Drar,1090
Naima,1091
Oujda,1092
Ahl Angad,1093
Ain Sfa,1094
Bni Khaled,1095
Bsara,1096
Isly,1097
Oualili,1100
Mestferki,1098
N'zalat Bni Amar,1099
Sidi Abdallah Al Khayat,1101
Agourai,1102
Ain Taoujdate,1103
El Hajeb,1104
Sabaa Aiyoun,1105
Ait Ouikhalfen,1106
Ait Yaazem,1107
Jahjouh,1108
Ras Ijerri,1109
Tamchachate,1110
Ait Boubidmane,1111
Ait Harz Allah,1112
Ahl Oued Za,1113
Gteter,1114
Melg El Ouidane,1115
Meknès,1116
Al Machouar Stinia,1117
Boufakrane,1118
Toulal,1119
Moulay Driss Zerhoun,1120
Ouislane,1121
Ain Jemaa,1122
Ain Karma,1123
Ain Orma,1124
Dar Oum Soltane,1126
Oued Rommane,1127
Dkhissa,1128
Majjate,1129
M'haya,1130
Oued Jdida,1131
Sidi Slimane Moul Al Kifane,1132
Charqaoua,1133
Karmet Ben Salem,1134
Mrhassiyine,1135
Assoul,1136
Aoufous,1137
Chorfa M'daghra,1138
Er-Rteb,1139
Lkheng,1140
Oued Naam,1141
Laqsir,1144
En-Nzala,1142
Bitit,1143
Ait Bourzouine,1145
Ait Naamane,1146
Iqaddar,1147
Arfoud,1148
Boudnib,1149
Khénifra,1205
Errachidia,1150
Goulmima,1152
Er-Rich,1151
Aarab Sebbah Ziz,1157
Jorf,1153
Bni M'Hamed Sijelmass,1182
Moulay Ali Cherif,1154
Tinejdad,1155
Er-Rissani,1183
Aarab Sebbah Gheris,1156
Alnif,1158
Es Sifa,1159
Et Taous,1185
Fezna,1160
H'Ssyia,1161
M'Ssici,1162
Ait Hani,1163
Amellagou,1164
Aghbalou N'Kerdous,1165
Ferkla El Oulia,1166
Ferkla Es-Soufla,1167
Sebt Ait Rahou,1188
Gheris El Ouloui,1168
Gheris Es-Soufli,1169
Sidi Lamine,1191
Melaab,1170
Tadighoust,1171
Ait Yahya,1172
Oued Ifrane,1199
Amouguer,1173
Bou Azmou,1174
Imilchil,1175
Gourrama,1176
Guers Tiaallaline,1177
Guir,1178
M'Zizel,1179
Sidi El Makhfi,1200
Sidi Aayad,1180
Zaouiat Sidi Hamza,1181
Es Sfalat,1184
Sidi Ali,1186
Oum Rabia,1187
Sidi Amar,1189
Tigrigra,1201
Sidi Hcine,1190
Zouagha,1270
Aghbalou,1192
Agoudim,1193
Outerbat,1194
Aguelmous,1216
Azrou,1195
Ifrane,1196
El Hammam,1218
Ain Leuh,1197
Ben Smim,1198
Timahdite,1202
Dayat Aoua,1203
Lehri,1220
Tizguite,1204
Midelt,1206
M'rirt,1207
Ait Ishaq,1208
Ait Saadelli,1209
Missour,1231
El Kbab,1210
Kerrouchen,1211
Ouaoumana,1212
Sidi Yahya Ou Saad,1213
Ain Bida,1272
Tighassaline,1214
Aguelmam Azegza,1215
El Borj,1217
Had Bouhssoussen,1219
Moha Ou Hammou Zayani,1221
Moulay Bouazza,1222
Mibladen,1223
Sidi Yahya Ou Youssef,1224
Outat El Haj,1232
Tanourdi,1225
Sidi Harazem,1273
Tizi N'ghachou,1226
Mikkes,1281
Tounfite,1227
Zaida,1228
Boulemane,1229
Sebaa Rouadi,1282
Imouzzer Marmoucha,1230
Sebt Loudaya,1283
Ait Bazza,1233
Ain Bou Ali,1284
Ait El Mane,1234
Almis Marmoucha,1235
Ain Kansra,1285
El Mers,1236
Ait Ayach,1237
Ait Ben Yacoub,1238
Ribate El Kheir,1245
Ait Izdeg,1239
Amersid,1240
Anemzi,1241
Fritissa,1261
Boumia,1242
Itzer,1243
Imouzzer Kandar,1244
Sefrou,1246
Adrej,1247
Tissaf,1263
Ain Timguenai,1248
Agdal,1264
Bir Tam Tam,1249
Saiss,1266
Dar El Hamra,1250
Fès Médina,1267
Enjil,1251
Guigou,1252
Serghina,1253
Skoura M'daz,1254
Jnan El Ouard,1268
Talzemt,1255
El Mariniyine,1269
Ksabi Moulouya,1256
Ouizeght,1257
Sidi Boutayeb,1258
El Orjane,1259
Ermila,1260
Oulad Ali Youssef,1262
Méchouar Fès Jdid,1265
Oulad Tayeb,1271
Bhalil,1274
El Menzel,1275
Laanoussar,1276
Sidi Youssef Ben Ahmed,1277
Tazouta,1278
Laajajra,1286
Moulay Yacoub,1279
Louadaine,1287
Ain Chkef,1280
Oulad Mimoun,1288
Sidi Daoud,1289
Al Hoceima,1290
Imzouren,1292
Bni Bouayach,1291
Targuist,1293
Bni Boufrah,1294
Bni Gmil,1295
Senada,1297
Bni Gmil Maksouline,1296
Ait Kamra,1298
Ait Youssef Ou Ali,1299
Arbaa Taourirt,1300
Bni Abdallah,1301
Bni Hadifa,1302
Chakrane,1303
Imrabten,1304
Izemmouren,1305
Louta,1306
Nekkour,1307
Rouadi,1308
Tifarouine,1309
Zaouiat Sidi Abdelkader,1310
Abdelghaya Souahel,1311
Bni Ahmed Imoukzan,1312
Bni Ammart,1313
Bni Bchir,1314
Bni Bouchibet,1315
Bni Bounsar,1316
Issaguen,1317
Ketama,1318
Moulay Ahmed Cherif,1319
Sidi Boutmim,1320
Sidi Bouzineb,1321
Taghzout,1322
Ighzrane,1323
Mtarnagha,1324
Ait Sebaa Lajrouf,1329
Oulad Mkoudou,1325
Aghbalou Aqorar,1330
Ras Tabouda,1326
Tafajight,1327
Fennassa Bab El Hit,1336
Ain Cheggag,1328
Ahl Sidi Lahcen,1331
Khlalfa,1337
Azzaba,1332
Tamedit,1340
Kandar Sidi Khiar,1333
Bouadel,1334
Bouhouda,1335
Mezraoua,1338
Rghioua,1339
Zrizer,1341
Ain Aicha,1342
Ain Legdah,1343
Tamsaout,1344
Zarkt,1345
Ghafsai,1346
Karia Ba Mohamed,1347
Galaz,1352
Taounate,1348
Thar Es-Souk,1349
Ourtzagh,1355
Tissa,1350
Tabouda,1360
El Bibane,1351
Kissane,1353
Oudka,1354
Ratba,1356
Sidi Haj M'hamed,1357
Sidi Mokhfi,1358
Sidi Yahya Bni Zeroual,1359
Tafrant,1361
Timezgana,1362
Bni Snous,1363
Bouchabel,1364
Ghouazi,1365
Jbabra,1366
Mkansa,1368
Taza,1376
Moulay Abdelkrim,1369
Moulay Bouchta,1370
Sidi El Abed,1371
Ain Mediouna,1372
Bni Oulid,1373
Bni Ounjel Tafraout,1374
Tahla,1375
Ajdir,1377
Gzenaya Al Janoubia,1379
Bourd,1378
Jbarna,1380
Sidi Ali Bourakba,1381
Tizi Ouasli,1382
Houara Oulad Raho,1385
Assebbab,1383
Barkine,1384
Lamrija,1386
Mazguitam,1387
Oulad Bourima,1388
Ras Laksar,1389
Saka,1390
Taddart,1391
Bni Frassen,1392
Bouchfaa,1393
Ghiata Al Gharbia,1395
Bouhlou,1394
Oulad Zbair,1396
Ait Saghrouchen,1398
Rbaa El Fouki,1397
Bouyablane,1399
Maghraoua,1400
Matmata,1401
Smià,1402
Zrarda,1404
Bni Ftah,1405
Brarha,1406
El Gouzate,1407
Kaf El Ghar,1408
Msila,1409
Taifa,1410
Tainaste,1411
Traiba,1412
Bab Boudir,1413
Bab Marzouka,1414
Bni Lent,1415
Galdamane,1416
Meknassa Acharqia,1417
Meknassa Al Gharbia,1418
Oulad Chrif,1419
Chefchaouen,1420
Amtar,1421
Bab Berred,1422
Bni Ahmed Cherqia,1423
Bni Rzine,1425
Bni Ahmed Gharbia,1424
Bni Smih,1426
Iounane,1427
Mansoura,1428
M'tioua,1429
Ouaouzgane,1430
Oued Malha,1431
Tamorot,1432
Bab Taza,1433
Bni Darkoul,1434
Bni Faghloum,1435
Bni Salah,1436
Derdara,1437
Fifi,1438
Laghdir,1439
Tanaqoub,1440
Bni Bouzra,1441
Bni Mansour,1442
Bni Selmane,1443
El Bsabsa,1446
Ain Maatouf,1444
Bouarouss,1445
Messassa,1447
Oulad Ayyad,1449
Sidi M'hamed Ben Lahcen,1453
Oulad Daoud,1450
Outabouabane,1451
Ras El Oued,1452
Aknoul,1454
Guercif,1455
Oued Amlil,1456
Boukhalef,1464
Al Manzla,1457
Aquouass Briech,1458
Azzinate,1459
Dar Chaoui,1460
Lkhaloua,1461
Sahel Chamali,1462
Sidi Lyamani,1463
Steha,1465
Talambote,1466
Tassift,1467
Tizgane,1468
Ain Beida,1469
Asjen,1470
Brikcha,1471
Kalaat Bouqorra,1472
Moqrisset,1473
Zoumi,1474
Anjra,1475
Jouamaa,1476
Ksar El Majaz,1477
Taghramt,1478
Al Bahraoyine,1479
Ksar Sghir,1480
Ksar El Kébir,1483
Laaouama,1481
Malloussa,1482
Larache,1484
Bou Jedyane,1485
Ksar Bjir,1486
Laouamra,1487
Oulad Ouchih,1488
Souaken,1489
Souk L'qolla,1490
Souk Tolba,1491
Tatoft,1492
Zouada,1493
Bni Arouss,1495
Bni Garfett,1496
Rissana Janoubia,1498
Rissana Chamalia,1497
Sahel,1499
Zaaroura,1501
Tazroute,1500
Bni Makada,1503
Charf-Mghogha,1504
Charf-Souani,1505
Tanger Médina,1506
Souk Kdim,1507
Al Hamra,1508
Al Khrroub,1509
Al Oued,1510
Azla,1511
Bghaghza,1512
Bni Idder,1513
Bni Leit,1514
Fnidq,1518
Bni Said,1515
Oulad Ali Mansour,1517
Martil,1519
Bni Harchen,1525
M'diq,1520
Oued Laou,1521
Tétouan,1522
Jbel Lahbib,1526
Ain Lahsan,1523
Allyene,1524
Mallalienne,1527
Saddina,1528
Sahtryine,1529
Zaitoune,1530
Zaouiat Sidi Kacem,1531
Merzouga,1534
Zinat,1532
Cabo Negro,1533
Marina Smir,1535
Mers El Kheir,1536
